Instance;betaLS;CostSol;time;Capacity;reliability;variance;stochastic_of;stochastic_capacity;deterministic;type_simulation;inversa;weight;seed
GKD-b_11_n50_b02_m5,txt;0,3;147,2;0,48047438600000003;4247,0;0,558;0,1;147,2;4330,695110202815;True;True;0,0;0,8;23456
GKD-b_11_n50_b02_m5,txt;0,3;147,2;0,48047438600000003;4247,0;0,565;0,1;86,9522;11590,183099580918;True;False;0,0;0,8;23456
GKD-b_11_n50_b02_m5,txt;0,3;144,8;2,2940366960000063;4534,0;0,936;0,1;135,53279999999998;5594,838158247687;False;False;0,0;0,8;23456
GKD-b_11_n50_b02_m5,txt;0,3;147,2;1,0480331719999754;4247,0;0,551;0,1;147,2;4339,7474547308475;True;True;0,0;0,8;764534
GKD-b_11_n50_b02_m5,txt;0,3;147,2;1,0480331719999754;4247,0;0,558;0,1;85,28280000000001;11706,39799400296;True;False;0,0;0,8;764534
GKD-b_11_n50_b02_m5,txt;0,3;144,8;23,44707300799996;4534,0;0,937;0,1;135,67759999999998;5568,547661157817;False;False;0,0;0,8;764534
GKD-b_11_n50_b02_m5,txt;0,3;147,2;0,9889982360000431;4247,0;0,512;0,15;147,2;4354,7810928589515;True;True;0,0;0,8;23456
GKD-b_11_n50_b02_m5,txt;0,3;147,2;0,9889982360000431;4247,0;0,499;0,15;76,33830000000002;12721,310978674543;True;False;0,0;0,8;23456
GKD-b_11_n50_b02_m5,txt;0,3;142,9;0,0;4827,0;0,975;0,15;139,32750000000004;5201,132417954303;False;False;0,0;0,8;23456
GKD-b_11_n50_b02_m5,txt;0,3;147,2;1,054163739000046;4247,0;0,497;0,15;147,2;4370,800640857105;True;True;0,0;0,8;764534
GKD-b_11_n50_b02_m5,txt;0,3;147,2;1,054163739000046;4247,0;0,501;0,15;76,7587;12685,689679391191;True;False;0,0;0,8;764534
GKD-b_11_n50_b02_m5,txt;0,3;142,9;0,0;4827,0;0,964;0,15;137,75560000000004;5389,550189578831;False;False;0,0;0,8;764534
GKD-b_11_n50_b02_m5,txt;0,3;147,2;0,9917892720000054;4247,0;0,47;0,2;147,2;4367,685877234286;True;True;0,0;0,8;23456
GKD-b_11_n50_b02_m5,txt;0,3;147,2;0,9917892720000054;4247,0;0,459;0,2;70,5225;13413,03915763249;True;False;0,0;0,8;23456
GKD-b_11_n50_b02_m5,txt;0,3;142,9;0,0;4827,0;0,914;0,2;130,61060000000003;6199,319855977863;False;False;0,0;0,8;23456
GKD-b_11_n50_b02_m5,txt;0,3;147,2;1,1858691550000913;4247,0;0,465;0,2;147,2;4391,886844866235;True;True;0,0;0,8;764534
GKD-b_11_n50_b02_m5,txt;0,3;147,2;1,1858691550000913;4247,0;0,472;0,2;72,04030000000002;13191,470928279916;True;False;0,0;0,8;764534
GKD-b_11_n50_b02_m5,txt;0,3;124,8;0;4423,0;0,648;0,2;80,87039999999998;10341,251135264474;False;False;0,0;0,8;764534
GKD-b_12_n50_b02_m5,txt;0,3;178,1;0,20233880199998566;5318,0;0,828;0,1;178,1;5488,675383773216;True;True;0,0;0,8;23456
GKD-b_12_n50_b02_m5,txt;0,3;178,1;0,20233880199998566;5318,0;0,834;0,1;153,82629999999995;8690,613249157805;True;False;0,0;0,8;23456
GKD-b_12_n50_b02_m5,txt;0,3;173,1;39,33918635399982;5452,0;0,952;0,1;164,79119999999992;6403,067988698728;False;False;0,0;0,8;23456
GKD-b_12_n50_b02_m5,txt;0,3;178,1;0,19487766500014914;5318,0;0,826;0,1;178,1;5137,21285916874;True;True;0,0;0,8;764534
GKD-b_12_n50_b02_m5,txt;0,3;178,1;0,19487766500014914;5318,0;0,863;0,1;158,93179999999992;8103,094324522387;True;False;0,0;0,8;764534
GKD-b_12_n50_b02_m5,txt;0,3;171,4;54,447500726999806;5287,0;0,82;0,1;140,54800000000006;8945,314148828484;False;False;0,0;0,8;764534
GKD-b_12_n50_b02_m5,txt;0,3;178,1;0,19985230800011777;5318,0;0,701;0,15;178,1;5568,057369154203;True;True;0,0;0,8;23456
GKD-b_12_n50_b02_m5,txt;0,3;178,1;0,19985230800011777;5318,0;0,702;0,15;129,74689999999995;11386,89374488315;True;False;0,0;0,8;23456
GKD-b_12_n50_b02_m5,txt;0,3;173,1;39,30535550100012;5452,0;0,835;0,15;144,53849999999994;8776,444880477578;False;False;0,0;0,8;23456
GKD-b_12_n50_b02_m5,txt;0,3;178,1;0,19739248499990936;5318,0;0,701;0,15;178,1;5030,7836959415345;True;True;0,0;0,8;764534
GKD-b_12_n50_b02_m5,txt;0,3;178,1;0,19739248499990936;5318,0;0,729;0,15;134,71329999999995;10837,57133576176;True;False;0,0;0,8;764534
GKD-b_12_n50_b02_m5,txt;0,3;166,3;38,068760069999826;5729,0;0,957;0,15;159,14909999999998;6561,922900941791;False;False;0,0;0,8;764534
GKD-b_12_n50_b02_m5,txt;0,3;178,1;0,07420769600003041;5318,0;0,606;0,2;178,1;5643,620190916261;True;True;0,0;0,8;23456
GKD-b_12_n50_b02_m5,txt;0,3;178,1;0,07420769600003041;5318,0;0,626;0,2;115,40079999999999;12945,191384261634;True;False;0,0;0,8;23456
GKD-b_12_n50_b02_m5,txt;0,3;173,1;39,92446830600011;5452,0;0,73;0,2;126,36299999999997;10901,56889128885;False;False;0,0;0,8;23456
GKD-b_12_n50_b02_m5,txt;0,3;178,1;0,06897867399993629;5318,0;0,615;0,2;178,1;4912,587172500149;True;True;0,0;0,8;764534
GKD-b_12_n50_b02_m5,txt;0,3;178,1;0,06897867399993629;5318,0;0,648;0,2;119,84189999999997;12494,890885255401;True;False;0,0;0,8;764534
GKD-b_12_n50_b02_m5,txt;0,3;166,3;38,32814816999962;5729,0;0,887;0,2;147,50809999999998;7963,850771562459;False;False;0,0;0,8;764534
GKD-b_13_n50_b02_m5,txt;0,3;96,1;0,09261526199998116;5790,0;0,61;0,1;96,1;5883,005457150438;True;True;0,0;0,8;23456
GKD-b_13_n50_b02_m5,txt;0,3;96,1;0,09261526199998116;5790,0;0,587;0,1;58,32900000000001;15241,935411291806;True;False;0,0;0,8;23456
GKD-b_13_n50_b02_m5,txt;0,3;93,6;14,468455446999997;6061,0;0,931;0,1;87,1416;7608,733467088038;False;False;0,0;0,8;23456
GKD-b_13_n50_b02_m5,txt;0,3;96,1;7,215247104999889;5790,0;0,623;0,1;96,1;6117,931390535786;True;True;0,0;0,8;764534
GKD-b_13_n50_b02_m5,txt;0,3;96,1;7,215247104999889;5790,0;0,626;0,1;61,89190000000001;14356,216106556143;True;False;0,0;0,8;764534
GKD-b_13_n50_b02_m5,txt;0,3;92,2;4,746136773999751;6206,0;0,976;0,1;89,98720000000004;6715,200884375324;False;False;0,0;0,8;764534
GKD-b_13_n50_b02_m5,txt;0,3;96,1;0,21897991500009084;5790,0;0,543;0,15;96,1;5920,2122611692175;True;True;0,0;0,8;23456
GKD-b_13_n50_b02_m5,txt;0,3;96,1;0,21897991500009084;5790,0;0,514;0,15;51,144400000000005;16931,24186615678;True;False;0,0;0,8;23456
GKD-b_13_n50_b02_m5,txt;0,3;87,8;0,0;6256,0;0,931;0,15;81,74179999999997;7807,877030458163;False;False;0,0;0,8;23456
GKD-b_13_n50_b02_m5,txt;0,3;96,1;7,244279065999763;5790,0;0,53;0,15;96,1;6262,976926999949;True;True;0,0;0,8;764534
GKD-b_13_n50_b02_m5,txt;0,3;96,1;7,244279065999763;5790,0;0,558;0,15;55,0473;15931,26855384894;True;False;0,0;0,8;764534
GKD-b_13_n50_b02_m5,txt;0,3;92,2;4,771107593000124;6206,0;0,891;0,15;82,15020000000004;8628,075519705344;False;False;0,0;0,8;764534
GKD-b_13_n50_b02_m5,txt;0,3;96,1;0,21865380500003084;5790,0;0,496;0,2;96,1;5951,431112090442;True;True;0,0;0,8;23456
GKD-b_13_n50_b02_m5,txt;0,3;96,1;0,21865380500003084;5790,0;0,464;0,2;46,317400000000006;18092,52728929148;True;False;0,0;0,8;23456
GKD-b_13_n50_b02_m5,txt;0,3;87,8;0,0;6256,0;0,85;0,2;74,62999999999997;9642,849267122816;False;False;0,0;0,8;23456
GKD-b_13_n50_b02_m5,txt;0,3;96,1;7,388318217000233;5790,0;0,46;0,2;96,1;6396,451517354491;True;True;0,0;0,8;764534
GKD-b_13_n50_b02_m5,txt;0,3;96,1;7,388318217000233;5790,0;0,509;0,2;50,164199999999994;17068,903143466538;True;False;0,0;0,8;764534
GKD-b_13_n50_b02_m5,txt;0,3;92,2;4,734966077000536;6206,0;0,792;0,2;73,02240000000002;10866,590654970478;False;False;0,0;0,8;764534
GKD-b_14_n50_b02_m5,txt;0,3;84,6;0,4911172889997033;4731,0;0,656;0,1;84,6;4937,134115599687;True;True;0,0;0,8;23456
GKD-b_14_n50_b02_m5,txt;0,3;84,6;0,4911172889997033;4731,0;0,673;0,1;58,616000000000014;10795,352357135165;True;False;0,0;0,8;23456
GKD-b_14_n50_b02_m5,txt;0,3;81,2;4,741175367000324;5010,0;0,979;0,1;79,49480000000001;5395,764293474294;False;False;0,0;0,8;23456
GKD-b_14_n50_b02_m5,txt;0,3;84,6;0,7712373470003513;4779,0;0,758;0,1;84,6;5039,031270551147;True;True;0,0;0,8;764534
GKD-b_14_n50_b02_m5,txt;0,3;84,6;0,7712373470003513;4779,0;0,77;0,1;66,77860000000001;9037,43874615934;True;False;0,0;0,8;764534
GKD-b_14_n50_b02_m5,txt;0,3;81,2;4,778532381000332;5272,0;0,999;0,1;81,11880000000002;5265,53435333165;False;False;0,0;0,8;764534
GKD-b_14_n50_b02_m5,txt;0,3;84,6;0,49379961700014974;4731,0;0,571;0,15;84,6;5032,600638614848;True;True;0,0;0,8;23456
GKD-b_14_n50_b02_m5,txt;0,3;84,6;0,49379961700014974;4731,0;0,568;0,15;49,59620000000001;12756,766447020935;True;False;0,0;0,8;23456
GKD-b_14_n50_b02_m5,txt;0,3;81,2;4,756026975999703;5010,0;0,884;0,15;71,7808;7129,35433093632;False;False;0,0;0,8;23456
GKD-b_14_n50_b02_m5,txt;0,3;84,6;0,7694480380005189;4779,0;0,653;0,15;84,6;5152,151784260766;True;True;0,0;0,8;764534
GKD-b_14_n50_b02_m5,txt;0,3;84,6;0,7694480380005189;4779,0;0,66;0,15;57,273300000000006;11085,121174804926;True;False;0,0;0,8;764534
GKD-b_14_n50_b02_m5,txt;0,3;81,2;4,751599987000191;5272,0;0,976;0,15;79,25120000000003;5661,669733588596;False;False;0,0;0,8;764534
GKD-b_14_n50_b02_m5,txt;0,3;84,6;0,49340245999974286;4731,0;0,515;0,2;84,6;5123,249373716336;True;True;0,0;0,8;23456
GKD-b_14_n50_b02_m5,txt;0,3;84,6;0,49340245999974286;4731,0;0,511;0,2;44,67750000000001;13828,976108665705;True;False;0,0;0,8;23456
GKD-b_14_n50_b02_m5,txt;0,3;81,2;4,595090183999673;5010,0;0,796;0,2;64,63520000000001;8748,542329190066;False;False;0,0;0,8;23456
GKD-b_14_n50_b02_m5,txt;0,3;84,6;0,7728195340005186;4779,0;0,573;0,2;84,6;5254,95676609199;True;True;0,0;0,8;764534
GKD-b_14_n50_b02_m5,txt;0,3;84,6;0,7728195340005186;4779,0;0,585;0,2;50,4713;12485,54881526809;True;False;0,0;0,8;764534
GKD-b_14_n50_b02_m5,txt;0,3;81,2;4,909091853999598;5272,0;0,907;0,2;73,64840000000002;6907,115973399625;False;False;0,0;0,8;764534
GKD-b_15_n50_b02_m5,txt;0,3;154,9;0,08268353200037382;5000,0;0,718;0,1;154,9;5012,846826016296;True;True;0,0;0,8;23456
GKD-b_15_n50_b02_m5,txt;0,3;154,9;0,08268353200037382;5000,0;0,706;0,1;113,31970000000003;10730,147058695551;True;False;0,0;0,8;23456
GKD-b_15_n50_b02_m5,txt;0,3;149,5;53,01194741099971;5160,0;0,91;0,1;136,045;6897,784759355882;False;False;0,0;0,8;23456
GKD-b_15_n50_b02_m5,txt;0,3;154,9;0,15466775200002303;5000,0;0,728;0,1;154,9;5210,237751777417;True;True;0,0;0,8;764534
GKD-b_15_n50_b02_m5,txt;0,3;154,9;0,15466775200002303;5000,0;0,728;0,1;116,27970000000002;10304,572954979054;True;False;0,0;0,8;764534
GKD-b_15_n50_b02_m5,txt;0,3;154,9;30,316453094999815;5000,0;0,722;0,1;111,83780000000002;10418,62492298932;False;False;0,0;0,8;764534
GKD-b_15_n50_b02_m5,txt;0,3;154,9;0,20869735999986005;5000,0;0,625;0,15;154,9;5012,6157607652085;True;True;0,0;0,8;23456
GKD-b_15_n50_b02_m5,txt;0,3;154,9;0,20869735999986005;5000,0;0,592;0,15;95,53800000000001;12965,74168473524;True;False;0,0;0,8;23456
GKD-b_15_n50_b02_m5,txt;0,3;147,7;14,26981410099961;5346,0;0,93;0,15;137,36100000000002;6704,5296768868775;False;False;0,0;0,8;23456
GKD-b_15_n50_b02_m5,txt;0,3;154,9;0,15379021000080684;5000,0;0,615;0,15;154,9;5302,436796205061;True;True;0,0;0,8;764534
GKD-b_15_n50_b02_m5,txt;0,3;154,9;0,15379021000080684;5000,0;0,625;0,15;100,11540000000001;12325,608644609896;True;False;0,0;0,8;764534
GKD-b_15_n50_b02_m5,txt;0,3;153,1;42,93907064100131;5243,0;0,839;0,15;128,4509;8324,149938656163;False;False;0,0;0,8;764534
GKD-b_15_n50_b02_m5,txt;0,3;154,9;0,20832683499975246;5000,0;0,539;0,2;154,9;5008,0338072527875;True;True;0,0;0,8;23456
GKD-b_15_n50_b02_m5,txt;0,3;154,9;0,20832683499975246;5000,0;0,525;0,2;84,3486;14286,373999404781;True;False;0,0;0,8;23456
GKD-b_15_n50_b02_m5,txt;0,3;147,2;0,0;5350,0;0,8;0,2;117,76000000000002;9191,741941867705;False;False;0,0;0,8;23456
GKD-b_15_n50_b02_m5,txt;0,3;154,9;0,15488252300019667;5000,0;0,536;0,2;154,9;5386,677856130154;True;True;0,0;0,8;764534
GKD-b_15_n50_b02_m5,txt;0,3;154,9;0,15488252300019667;5000,0;0,553;0,2;88,17;13742,291056908147;True;False;0,0;0,8;764534
GKD-b_15_n50_b02_m5,txt;0,3;153,1;9,782169979000173;5051,0;0,604;0,2;92,4724;12762,105816118199;False;False;0,0;0,8;764534
GKD-b_16_n50_b02_m15,txt;0,3;77,7;0,20631399400008377;4932,0;0,508;0,1;77,7;5002,227090576093;True;True;0,0;0,8;23456
GKD-b_16_n50_b02_m15,txt;0,3;77,7;0,20631399400008377;4932,0;0,483;0,1;38,581700000000005;15135,141250710905;True;False;0,0;0,8;23456
GKD-b_16_n50_b02_m15,txt;0,3;77,6;9,510629581000103;5369,0;0,974;0,1;75,58239999999999;5862,924920669305;False;False;0,0;0,8;23456
GKD-b_16_n50_b02_m15,txt;0,3;77,7;0,2799939169999561;5263,0;0,932;0,1;77,7;5519,7376899071;True;True;0,0;0,8;764534
GKD-b_16_n50_b02_m15,txt;0,3;77,7;0,2799939169999561;5263,0;0,937;0,1;74,11990000000003;6480,417426202123;True;False;0,0;0,8;764534
GKD-b_16_n50_b02_m15,txt;0,3;77,6;23,527083715000117;5369,0;0,973;0,1;75,50479999999999;5858,034081619339;False;False;0,0;0,8;764534
GKD-b_16_n50_b02_m15,txt;0,3;77,7;0,20427291499981948;4932,0;0,47;0,15;77,7;5027,854252760437;True;True;0,0;0,8;23456
GKD-b_16_n50_b02_m15,txt;0,3;77,7;0,20427291499981948;4932,0;0,443;0,15;35,296;15946,352693219837;True;False;0,0;0,8;23456
GKD-b_16_n50_b02_m15,txt;0,3;77,6;19,22729696300121;5369,0;0,909;0,15;70,5384;7136,739065181889;False;False;0,0;0,8;23456
GKD-b_16_n50_b02_m15,txt;0,3;77,7;0,279980389001139;5263,0;0,817;0,15;77,7;5632,815701820269;True;True;0,0;0,8;764534
GKD-b_16_n50_b02_m15,txt;0,3;77,7;0,279980389001139;5263,0;0,824;0,15;64,92820000000002;8693,938762518193;True;False;0,0;0,8;764534
GKD-b_16_n50_b02_m15,txt;0,3;77,6;23,205177810999885;5369,0;0,878;0,15;68,1328;7700,00423242406;False;False;0,0;0,8;764534
GKD-b_16_n50_b02_m15,txt;0,3;77,7;0,07947179199982202;4932,0;0,446;0,2;77,7;5047,378300554827;True;True;0,0;0,8;23456
GKD-b_16_n50_b02_m15,txt;0,3;77,7;0,07947179199982202;4932,0;0,424;0,2;33,735;16341,37832694831;True;False;0,0;0,8;23456
GKD-b_16_n50_b02_m15,txt;0,3;55,8;0;5508,0;0,885;0,2;49,38299999999999;7696,216796063287;False;False;0,0;0,8;23456
GKD-b_16_n50_b02_m15,txt;0,3;77,7;0,28154627900039486;5263,0;0,729;0,2;77,7;5736,516283150802;True;True;0,0;0,8;764534
GKD-b_16_n50_b02_m15,txt;0,3;77,7;0,28154627900039486;5263,0;0,733;0,2;57,899200000000015;10480,512276504556;True;False;0,0;0,8;764534
GKD-b_16_n50_b02_m15,txt;0,3;77,6;23,25722226799917;5369,0;0,795;0,2;61,692000000000014;9331,331894996172;False;False;0,0;0,8;764534
GKD-b_17_n50_b02_m15,txt;0,3;41,8;0,0;5685,0;0,523;0,1;41,8;5784,54976956066;True;True;0,0;0,8;23456
GKD-b_17_n50_b02_m15,txt;0,3;41,8;0,0;5685,0;0,494;0,1;21,098599999999998;17193,762384160364;True;False;0,0;0,8;23456
GKD-b_17_n50_b02_m15,txt;0,3;36,5;14,03603319800095;6077,0;0,953;0,1;34,7845;7132,203523679729;False;False;0,0;0,8;23456
GKD-b_17_n50_b02_m15,txt;0,3;41,8;0,0;5685,0;0,499;0,1;41,8;5953,239313456242;True;True;0,0;0,8;764534
GKD-b_17_n50_b02_m15,txt;0,3;41,8;0,0;5685,0;0,526;0,1;22,355600000000006;16467,059832995346;True;False;0,0;0,8;764534
GKD-b_17_n50_b02_m15,txt;0,3;37,2;23,052807126001426;5816,0;0,725;0,1;26,96999999999999;12054,257653061599;False;False;0,0;0,8;764534
GKD-b_17_n50_b02_m15,txt;0,3;41,8;0,0;5685,0;0,475;0,15;41,8;5825,964818020753;True;True;0,0;0,8;23456
GKD-b_17_n50_b02_m15,txt;0,3;41,8;0,0;5685,0;0,457;0,15;19,526600000000002;18059,95953974569;True;False;0,0;0,8;23456
GKD-b_17_n50_b02_m15,txt;0,3;36,5;13,974833677999413;6077,0;0,849;0,15;30,9885;9481,660106350799;False;False;0,0;0,8;23456
GKD-b_17_n50_b02_m15,txt;0,3;41,8;0,0;5685,0;0,456;0,15;41,8;6070,028217564966;True;True;0,0;0,8;764534
GKD-b_17_n50_b02_m15,txt;0,3;41,8;0,0;5685,0;0,488;0,15;20,783;17353,81002428588;True;False;0,0;0,8;764534
GKD-b_17_n50_b02_m15,txt;0,3;36,5;41,71096225399924;6077,0;0,851;0,15;31,0615;9409,049783078824;False;False;0,0;0,8;764534
GKD-b_17_n50_b02_m15,txt;0,3;41,8;0,0;5685,0;0,449;0,2;41,8;5861,988492355971;True;True;0,0;0,8;23456
GKD-b_17_n50_b02_m15,txt;0,3;41,8;0,0;5685,0;0,434;0,2;18,554800000000004;18604,59958330515;True;False;0,0;0,8;23456
GKD-b_17_n50_b02_m15,txt;0,3;26,7;0;6337,0;0,894;0,2;23,869799999999994;8653,648593420592;False;False;0,0;0,8;23456
GKD-b_17_n50_b02_m15,txt;0,3;41,8;0,0;5685,0;0,422;0,2;41,8;6176,223653624773;True;True;0,0;0,8;764534
GKD-b_17_n50_b02_m15,txt;0,3;41,8;0,0;5685,0;0,453;0,2;19,2206;18168,098598313856;True;False;0,0;0,8;764534
GKD-b_17_n50_b02_m15,txt;0,3;36,5;42,16158073299994;6077,0;0,73;0,2;26,645;12139,612428125405;False;False;0,0;0,8;764534
GKD-b_18_n50_b02_m15,txt;0,3;108,5;1,1568088200001512;5019,0;0,624;0,1;108,5;5024,815712040291;True;True;0,0;0,8;23456
GKD-b_18_n50_b02_m15,txt;0,3;108,5;1,1568088200001512;5019,0;0,611;0,1;68,6537;12715,26708218687;True;False;0,0;0,8;23456
GKD-b_18_n50_b02_m15,txt;0,3;108,5;58,27229101900048;5135,0;0,82;0,1;88,97;8686,545058513211;False;False;0,0;0,8;23456
GKD-b_18_n50_b02_m15,txt;0,3;108,5;0,49983848800002306;5019,0;0,622;0,1;108,5;5269,480684187435;True;True;0,0;0,8;764534
GKD-b_18_n50_b02_m15,txt;0,3;108,5;0,49983848800002306;5019,0;0,631;0,1;70,6482;12324,002168596939;True;False;0,0;0,8;764534
GKD-b_18_n50_b02_m15,txt;0,3;106,8;9,236667163000675;5249,0;0,929;0,1;99,21719999999995;6626,783684623167;False;False;0,0;0,8;764534
GKD-b_18_n50_b02_m15,txt;0,3;108,5;1,2773041740001645;5019,0;0,538;0,15;108,5;5020,878612696985;True;True;0,0;0,8;23456
GKD-b_18_n50_b02_m15,txt;0,3;108,5;1,2773041740001645;5019,0;0,534;0,15;60,0047;14255,398253850366;True;False;0,0;0,8;23456
GKD-b_18_n50_b02_m15,txt;0,3;102,6;27,960428133001187;5453,0;0,933;0,15;95,72579999999998;6749,414580866267;False;False;0,0;0,8;23456
GKD-b_18_n50_b02_m15,txt;0,3;108,5;0,49416543199913576;5019,0;0,559;0,15;108,5;5379,368165446005;True;True;0,0;0,8;764534
GKD-b_18_n50_b02_m15,txt;0,3;108,5;0,49416543199913576;5019,0;0,559;0,15;62,561;13765,875721998034;True;False;0,0;0,8;764534
GKD-b_18_n50_b02_m15,txt;0,3;106,8;9,403958984999917;5249,0;0,811;0,15;86,61479999999997;8947,01532557271;False;False;0,0;0,8;764534
GKD-b_18_n50_b02_m15,txt;0,3;108,5;1,2829562030001398;5019,0;0,498;0,2;108,5;5012,458718802344;True;True;0,0;0,8;23456
GKD-b_18_n50_b02_m15,txt;0,3;108,5;1,2829562030001398;5019,0;0,484;0,2;54,281400000000005;15260,267123981786;True;False;0,0;0,8;23456
GKD-b_18_n50_b02_m15,txt;0,3;103,5;32,731704376999915;5419,0;0,811;0,2;83,9385;9080,429646719887;False;False;0,0;0,8;23456
GKD-b_18_n50_b02_m15,txt;0,3;108,5;0,49730974799967953;5019,0;0,507;0,2;108,5;5479,864375095156;True;True;0,0;0,8;764534
GKD-b_18_n50_b02_m15,txt;0,3;108,5;0,49730974799967953;5019,0;0,513;0,2;57,101;14692,0478081295;True;False;0,0;0,8;764534
GKD-b_18_n50_b02_m15,txt;0,3;108,5;54,25448544500068;5135,0;0,598;0,2;64,883;13070,99649554678;False;False;0,0;0,8;764534
GKD-b_19_n50_b02_m15,txt;0,3;119,1;0,4533450010003435;5055,0;0,958;0,1;119,1;5156,319410561169;True;True;0,0;0,8;23456
GKD-b_19_n50_b02_m15,txt;0,3;119,1;0,4533450010003435;5055,0;0,953;0,1;116,13639999999997;5904,158527677803;True;False;0,0;0,8;23456
GKD-b_19_n50_b02_m15,txt;0,3;119,1;25,30194749600014;4895,0;0,841;0,1;100,16309999999997;7845,969958763899;False;False;0,0;0,8;23456
GKD-b_19_n50_b02_m15,txt;0,3;119,1;0,0;5055,0;0,959;0,1;119,1;5133,567167040923;True;True;0,0;0,8;764534
GKD-b_19_n50_b02_m15,txt;0,3;119,1;0,0;5055,0;0,968;0,1;117,60339999999997;5626,183183126798;True;False;0,0;0,8;764534
GKD-b_19_n50_b02_m15,txt;0,3;119,1;8,457462354001109;5055,0;0,963;0,1;116,57689999999997;5724,86150284317;False;False;0,0;0,8;764534
GKD-b_19_n50_b02_m15,txt;0,3;119,1;0,3242970430001151;5055,0;0,863;0,15;119,1;5187,834834192379;True;True;0,0;0,8;23456
GKD-b_19_n50_b02_m15,txt;0,3;119,1;0,3242970430001151;5055,0;0,86;0,15;104,72409999999998;7623,4795424865115;True;False;0,0;0,8;23456
GKD-b_19_n50_b02_m15,txt;0,3;119,1;25,47726961599983;4895,0;0,728;0,15;86,70479999999999;9957,793138479647;False;False;0,0;0,8;23456
GKD-b_19_n50_b02_m15,txt;0,3;119,1;0,0;5055,0;0,853;0,15;119,1;5153,311045712436;True;True;0,0;0,8;764534
GKD-b_19_n50_b02_m15,txt;0,3;119,1;0,0;5055,0;0,859;0,15;104,44249999999997;7642,173624692851;True;False;0,0;0,8;764534
GKD-b_19_n50_b02_m15,txt;0,3;119,1;8,326530670001375;5055,0;0,87;0,15;103,61699999999999;7444,393899486605;False;False;0,0;0,8;764534
GKD-b_19_n50_b02_m15,txt;0,3;119,1;0,3287542530015344;5055,0;0,76;0,2;119,1;5207,294117008536;True;True;0,0;0,8;23456
GKD-b_19_n50_b02_m15,txt;0,3;119,1;0,3287542530015344;5055,0;0,758;0,2;92,19269999999999;9516,843806307163;True;False;0,0;0,8;23456
GKD-b_19_n50_b02_m15,txt;0,3;119,1;25,452286514999287;4895,0;0,645;0,2;76,8195;11514,542660890023;False;False;0,0;0,8;23456
GKD-b_19_n50_b02_m15,txt;0,3;119,1;0,0;5055,0;0,766;0,2;119,1;5160,157441941174;True;True;0,0;0,8;764534
GKD-b_19_n50_b02_m15,txt;0,3;119,1;0,0;5055,0;0,766;0,2;93,17329999999998;9366,30422208378;True;False;0,0;0,8;764534
GKD-b_19_n50_b02_m15,txt;0,3;119,1;8,467161008000403;5055,0;0,779;0,2;92,7789;9132,094840651826;False;False;0,0;0,8;764534
GKD-b_20_n50_b02_m15,txt;0,3;115,3;17,50969135199921;5574,0;0,492;0,1;115,3;5654,148166147133;True;True;0,0;0,8;23456
GKD-b_20_n50_b02_m15,txt;0,3;115,3;17,50969135199921;5574,0;0,473;0,1;56,867399999999996;17335,281462041577;True;False;0,0;0,8;23456
GKD-b_20_n50_b02_m15,txt;0,3;111,7;8,318512972000462;6253,0;0,999;0,1;111,58830000000003;6272,5947484874405;False;False;0,0;0,8;23456
GKD-b_20_n50_b02_m15,txt;0,3;115,3;7,923162267001317;5574,0;0,489;0,1;115,3;5858,989419032734;True;True;0,0;0,8;764534
GKD-b_20_n50_b02_m15,txt;0,3;115,3;7,923162267001317;5574,0;0,513;0,1;61,43609999999999;16448,473904455703;True;False;0,0;0,8;764534
GKD-b_20_n50_b02_m15,txt;0,3;111,8;16,97044418099904;6066,0;0,979;0,1;109,45219999999996;6502,186516807837;False;False;0,0;0,8;764534
GKD-b_20_n50_b02_m15,txt;0,3;115,3;17,713894797001558;5574,0;0,458;0,15;115,3;5686,377664129142;True;True;0,0;0,8;23456
GKD-b_20_n50_b02_m15,txt;0,3;115,3;17,713894797001558;5574,0;0,438;0,15;52,81249999999999;18139,40631300183;True;False;0,0;0,8;23456
GKD-b_20_n50_b02_m15,txt;0,3;111,7;8,428170482999121;6253,0;0,972;0,15;108,57240000000003;6852,392303052636;False;False;0,0;0,8;23456
GKD-b_20_n50_b02_m15,txt;0,3;115,3;7,796662471002492;5574,0;0,452;0,15;115,3;5983,942269307125;True;True;0,0;0,8;764534
GKD-b_20_n50_b02_m15,txt;0,3;115,3;7,796662471002492;5574,0;0,475;0,15;56,70079999999999;17319,106173987402;True;False;0,0;0,8;764534
GKD-b_20_n50_b02_m15,txt;0,3;111,8;33,9492274760014;6066,0;0,903;0,15;100,95539999999998;8162,847653405829;False;False;0,0;0,8;764534
GKD-b_20_n50_b02_m15,txt;0,3;115,3;17,52125973400325;5574,0;0,43;0,2;115,3;5713,550214954152;True;True;0,0;0,8;23456
GKD-b_20_n50_b02_m15,txt;0,3;115,3;17,52125973400325;5574,0;0,413;0,2;49,8752;18717,076297521948;True;False;0,0;0,8;23456
GKD-b_20_n50_b02_m15,txt;0,3;111,7;8,345674864998728;6253,0;0,894;0,2;99,85980000000002;8564,003546014503;False;False;0,0;0,8;23456
GKD-b_20_n50_b02_m15,txt;0,3;115,3;7,800360003999231;5574,0;0,412;0,2;115,3;6098,172195025606;True;True;0,0;0,8;764534
GKD-b_20_n50_b02_m15,txt;0,3;115,3;7,800360003999231;5574,0;0,443;0,2;52,70179999999999;18052,034085735097;True;False;0,0;0,8;764534
GKD-b_20_n50_b02_m15,txt;0,3;111,8;33,97315349100245;6066,0;0,809;0,2;90,44619999999998;10231,674437294085;False;False;0,0;0,8;764534
GKD-b_41_n150_b02_m15,txt;0,3;161,6;33,50706321799953;15661,0;0,558;0,1;161,6;15087,771608146053;True;True;0,0;0,8;23456
GKD-b_41_n150_b02_m15,txt;0,3;161,6;33,50706321799953;15661,0;0,584;0,1;106,46239999999999;41557,495190073896;True;False;0,0;0,8;23456
GKD-b_41_n150_b02_m15,txt;0,3;148,6;0,0;15888,0;0,784;0,1;116,50239999999998;29295,535419594256;False;False;0,0;0,8;23456
GKD-b_41_n150_b02_m15,txt;0,3;162,3;27,68270660000053;15954,0;0,855;0,1;162,3;16341,953551302717;True;True;0,0;0,8;764534
GKD-b_41_n150_b02_m15,txt;0,3;162,3;27,68270660000053;15954,0;0,827;0,1;146,9574;26639,84063369821;True;False;0,0;0,8;764534
GKD-b_41_n150_b02_m15,txt;0,3;153,0;0,0;15828,0;0,694;0,1;106,182;34808,299806847564;False;False;0,0;0,8;764534
GKD-b_41_n150_b02_m15,txt;0,3;161,6;33,562841204002325;15661,0;0,465;0,15;161,6;14724,900681627627;True;True;0,0;0,8;23456
GKD-b_41_n150_b02_m15,txt;0,3;161,6;33,562841204002325;15661,0;0,505;0,15;91,54269999999998;46492,52802458193;True;False;0,0;0,8;23456
GKD-b_41_n150_b02_m15,txt;0,3;148,6;0,0;15888,0;0,637;0,15;94,65819999999998;38433,46423353553;False;False;0,0;0,8;23456
GKD-b_41_n150_b02_m15,txt;0,3;162,3;27,560094496999227;15954,0;0,702;0,15;162,3;16503,700766463324;True;True;0,0;0,8;764534
GKD-b_41_n150_b02_m15,txt;0,3;162,3;27,560094496999227;15954,0;0,666;0,15;119,2721;36620,65161172031;True;False;0,0;0,8;764534
GKD-b_41_n150_b02_m15,txt;0,3;153,0;0,0;15828,0;0,552;0,15;84,456;43636,80312881009;False;False;0,0;0,8;764534
GKD-b_41_n150_b02_m15,txt;0,3;161,6;17,229772258000594;15661,0;0,4;0,2;161,6;14308,058749041904;True;True;0,0;0,8;23456
GKD-b_41_n150_b02_m15,txt;0,3;161,6;17,229772258000594;15661,0;0,443;0,2;79,32409999999999;50360,73752517882;True;False;0,0;0,8;23456
GKD-b_41_n150_b02_m15,txt;0,3;156,4;47,94445425199956;16388,0;0,751;0,2;117,45640000000002;31631,728930749065;False;False;0,0;0,8;23456
GKD-b_41_n150_b02_m15,txt;0,3;162,3;14,00094848000299;15954,0;0,579;0,2;162,3;16644,817688981264;True;True;0,0;0,8;764534
GKD-b_41_n150_b02_m15,txt;0,3;162,3;14,00094848000299;15954,0;0,54;0,2;96,7263;44431,88808217682;True;False;0,0;0,8;764534
GKD-b_41_n150_b02_m15,txt;0,3;161,3;47,93744224200054;15989,0;0,55;0,2;88,71499999999999;43851,85389686622;False;False;0,0;0,8;764534
GKD-b_42_n150_b02_m15,txt;0,3;84,3;28,467434386002424;15355,0;0,522;0,1;84,3;14701,419243190654;True;True;0,0;0,8;23456
GKD-b_42_n150_b02_m15,txt;0,3;84,3;28,467434386002424;15355,0;0,531;0,1;49,49259999999999;44057,9916967549;True;False;0,0;0,8;23456
GKD-b_42_n150_b02_m15,txt;0,3;75,1;0,0;16155,0;0,975;0,1;73,2225;17608,108443749235;False;False;0,0;0,8;23456
GKD-b_42_n150_b02_m15,txt;0,3;84,0;4,429186539004149;15478,0;0,669;0,1;84,0;15663,144387008788;True;True;0,0;0,8;764534
GKD-b_42_n150_b02_m15,txt;0,3;84,0;4,429186539004149;15478,0;0,628;0,1;57,9878;38182,06245945391;True;False;0,0;0,8;764534
GKD-b_42_n150_b02_m15,txt;0,3;80,0;0,0;15481,0;0,644;0,1;51,52;37215,31060938935;False;False;0,0;0,8;764534
GKD-b_42_n150_b02_m15,txt;0,3;84,3;28,450633558000845;15355,0;0,456;0,15;84,3;14284,007122535484;True;True;0,0;0,8;23456
GKD-b_42_n150_b02_m15,txt;0,3;84,3;28,450633558000845;15355,0;0,471;0,15;43,6472;47748,92074427947;True;False;0,0;0,8;23456
GKD-b_42_n150_b02_m15,txt;0,3;75,1;0,0;16155,0;0,893;0,15;67,0643;22546,98534360437;False;False;0,0;0,8;23456
GKD-b_42_n150_b02_m15,txt;0,3;84,0;4,260490454995306;15478,0;0,541;0,15;84,0;15715,395211210602;True;True;0,0;0,8;764534
GKD-b_42_n150_b02_m15,txt;0,3;84,0;4,260490454995306;15478,0;0,489;0,15;44,9259;46679,73244542701;True;False;0,0;0,8;764534
GKD-b_42_n150_b02_m15,txt;0,3;70,2;0;15887,0;0,786;0,15;55,68260000000002;28856,70288363362;False;False;0,0;0,8;764534
GKD-b_42_n150_b02_m15,txt;0,3;84,3;28,44624514300085;15355,0;0,387;0,2;84,3;13803,80185398664;True;True;0,0;0,8;23456
GKD-b_42_n150_b02_m15,txt;0,3;84,3;28,44624514300085;15355,0;0,403;0,2;37,226699999999994;51917,41465461777;True;False;0,0;0,8;23456
GKD-b_42_n150_b02_m15,txt;0,3;75,1;0,0;16155,0;0,764;0,2;57,37640000000001;30361,87632851448;False;False;0,0;0,8;23456
GKD-b_42_n150_b02_m15,txt;0,3;84,0;4,430453542998293;15478,0;0,451;0,2;84,0;15742,063764774284;True;True;0,0;0,8;764534
GKD-b_42_n150_b02_m15,txt;0,3;84,0;4,430453542998293;15478,0;0,412;0,2;37,6909;51386,75784559643;True;False;0,0;0,8;764534
GKD-b_42_n150_b02_m15,txt;0,3;70,2;0;15887,0;0,668;0,2;48,13320000000001;36002,865669989136;False;False;0,0;0,8;764534
GKD-b_43_n150_b02_m15,txt;0,3;62,0;4,79204670299805;15980,0;0,566;0,1;62,0;15248,32797110859;True;True;0,0;0,8;23456
GKD-b_43_n150_b02_m15,txt;0,3;62,0;4,79204670299805;15980,0;0,602;0,1;40,6649;41231,31212088167;True;False;0,0;0,8;23456
GKD-b_43_n150_b02_m15,txt;0,3;56,8;0,0;16143,0;0,734;0,1;41,691199999999995;32960,33749017385;False;False;0,0;0,8;23456
GKD-b_43_n150_b02_m15,txt;0,3;62,0;0,19386294900323264;16104,0;0,712;0,1;62,0;16093,690302838988;True;True;0,0;0,8;764534
GKD-b_43_n150_b02_m15,txt;0,3;62,0;0,19386294900323264;16104,0;0,677;0,1;45,0848;36533,900817650094;True;False;0,0;0,8;764534
GKD-b_43_n150_b02_m15,txt;0,3;53,9;0;16085,0;0,693;0,1;38,881499999999996;35526,305646274915;False;False;0,0;0,8;764534
GKD-b_43_n150_b02_m15,txt;0,3;62,0;4,943423745993641;15980,0;0,481;0,15;62,0;14805,230686640774;True;True;0,0;0,8;23456
GKD-b_43_n150_b02_m15,txt;0,3;62,0;4,943423745993641;15980,0;0,524;0,15;34,799699999999994;46196,595751692425;True;False;0,0;0,8;23456
GKD-b_43_n150_b02_m15,txt;0,3;56,8;0,0;16143,0;0,609;0,15;34,59120000000001;40875,006379121194;False;False;0,0;0,8;23456
GKD-b_43_n150_b02_m15,txt;0,3;62,0;0,19642087400279706;16104,0;0,585;0,15;62,0;16024,382445938632;True;True;0,0;0,8;764534
GKD-b_43_n150_b02_m15,txt;0,3;62,0;0,19642087400279706;16104,0;0,55;0,15;36,5462;44580,36116001403;True;False;0,0;0,8;764534
GKD-b_43_n150_b02_m15,txt;0,3;53,9;0;16085,0;0,575;0,15;31,517799999999994;43010,18774208102;False;False;0,0;0,8;764534
GKD-b_43_n150_b02_m15,txt;0,3;62,0;4,946321751005598;15980,0;0,423;0,2;62,0;14306,867876944983;True;True;0,0;0,8;23456
GKD-b_43_n150_b02_m15,txt;0,3;62,0;4,946321751005598;15980,0;0,462;0,2;30,733;50137,156067070966;True;False;0,0;0,8;23456
GKD-b_43_n150_b02_m15,txt;0,3;56,8;0,0;16143,0;0,501;0,2;28,456799999999998;47709,59585294718;False;False;0,0;0,8;23456
GKD-b_43_n150_b02_m15,txt;0,3;62,0;0,06890538199513685;16104,0;0,487;0,2;62,0;15912,483142653391;True;True;0,0;0,8;764534
GKD-b_43_n150_b02_m15,txt;0,3;62,0;0,06890538199513685;16104,0;0,463;0,2;30,434;50089,115962568016;True;False;0,0;0,8;764534
GKD-b_43_n150_b02_m15,txt;0,3;53,9;0;16085,0;0,494;0,2;26,674699999999998;48142,548969347146;False;False;0,0;0,8;764534
GKD-b_44_n150_b02_m15,txt;0,3;101,6;37,512717411002086;16108,0;0,591;0,1;101,6;16609,348819769697;True;True;0,0;0,8;23456
GKD-b_44_n150_b02_m15,txt;0,3;101,6;37,512717411002086;16108,0;0,604;0,1;67,9076;41402,528098897186;True;False;0,0;0,8;23456
GKD-b_44_n150_b02_m15,txt;0,3;99,0;48,39572929199494;16603,0;0,936;0,1;92,664;20612,520317185543;False;False;0,0;0,8;23456
GKD-b_44_n150_b02_m15,txt;0,3;100,9;50,67343205300131;15999,0;0,465;0,1;100,9;16444,259775378017;True;True;0,0;0,8;764534
GKD-b_44_n150_b02_m15,txt;0,3;100,9;50,67343205300131;15999,0;0,45;0,1;51,731399999999994;51167,82686193627;True;False;0,0;0,8;764534
GKD-b_44_n150_b02_m15,txt;0,3;93,9;0;16306,0;0,778;0,1;75,0951;30447,241469985707;False;False;0,0;0,8;764534
GKD-b_44_n150_b02_m15,txt;0,3;101,6;37,43945619199803;16108,0;0,492;0,15;101,6;16807,721837946832;True;True;0,0;0,8;23456
GKD-b_44_n150_b02_m15,txt;0,3;101,6;37,43945619199803;16108,0;0,503;0,15;56,7395;47865,059965283814;True;False;0,0;0,8;23456
GKD-b_44_n150_b02_m15,txt;0,3;99,0;48,555017588005285;16603,0;0,785;0,15;77,715;30198,076385240918;False;False;0,0;0,8;23456
GKD-b_44_n150_b02_m15,txt;0,3;100,9;50,423578185000224;15999,0;0,404;0,15;100,9;16625,18529684269;True;True;0,0;0,8;764534
GKD-b_44_n150_b02_m15,txt;0,3;100,9;50,423578185000224;15999,0;0,395;0,15;44,9566;54705,28087668956;True;False;0,0;0,8;764534
GKD-b_44_n150_b02_m15,txt;0,3;93,9;0;16306,0;0,634;0,15;60,1081;39634,01446724073;False;False;0,0;0,8;764534
GKD-b_44_n150_b02_m15,txt;0,3;101,6;37,51868514200032;16108,0;0,417;0,2;101,6;16972,569895927518;True;True;0,0;0,8;23456
GKD-b_44_n150_b02_m15,txt;0,3;101,6;37,51868514200032;16108,0;0,439;0,2;49,002700000000004;51956,951653949785;True;False;0,0;0,8;23456
GKD-b_44_n150_b02_m15,txt;0,3;99,0;48,45130195099773;16603,0;0,649;0,2;64,251;38838,05166327106;False;False;0,0;0,8;23456
GKD-b_44_n150_b02_m15,txt;0,3;100,9;50,42562868299865;15999,0;0,351;0,2;100,9;16778,993130561987;True;True;0,0;0,8;764534
GKD-b_44_n150_b02_m15,txt;0,3;100,9;50,42562868299865;15999,0;0,348;0,2;38,9953;57721,434080485;True;False;0,0;0,8;764534
GKD-b_44_n150_b02_m15,txt;0,3;93,9;0;16306,0;0,521;0,2;48,921899999999994;46841,92175327989;False;False;0,0;0,8;764534
GKD-b_45_n150_b02_m15,txt;0,3;105,1;16,165544946998125;14647,0;0,68;0,1;105,1;14156,04835142395;True;True;0,0;0,8;23456
GKD-b_45_n150_b02_m15,txt;0,3;105,1;16,165544946998125;14647,0;0,684;0,1;80,04829999999998;32874,16559306824;True;False;0,0;0,8;23456
GKD-b_45_n150_b02_m15,txt;0,3;99,9;0,028778797000995837;14614,0;0,637;0,1;63,6363;35587,2779649173;False;False;0,0;0,8;23456
GKD-b_45_n150_b02_m15,txt;0,3;104,4;4,458006311004283;14452,0;0,454;0,1;104,4;14458,816522954483;True;True;0,0;0,8;764534
GKD-b_45_n150_b02_m15,txt;0,3;104,4;4,458006311004283;14452,0;0,419;0,1;50,09739999999999;48057,96445880171;True;False;0,0;0,8;764534
GKD-b_45_n150_b02_m15,txt;0,3;99,9;0,0;14816,0;0,781;0,1;78,02189999999999;27400,31307695403;False;False;0,0;0,8;764534
GKD-b_45_n150_b02_m15,txt;0,3;105,1;16,254418006996275;14647,0;0,557;0,15;105,1;13839,78223141626;True;True;0,0;0,8;23456
GKD-b_45_n150_b02_m15,txt;0,3;105,1;16,254418006996275;14647,0;0,556;0,15;64,7884;40265,03983710203;True;False;0,0;0,8;23456
GKD-b_45_n150_b02_m15,txt;0,3;95,6;0;15028,0;0,777;0,15;74,8075;27814,6722858546;False;False;0,0;0,8;23456
GKD-b_45_n150_b02_m15,txt;0,3;104,4;4,3237085650034714;14452,0;0,416;0,15;104,4;14435,702432685483;True;True;0,0;0,8;764534
GKD-b_45_n150_b02_m15,txt;0,3;104,4;4,3237085650034714;14452,0;0,38;0,15;44,392300000000006;50333,7267068768;True;False;0,0;0,8;764534
GKD-b_45_n150_b02_m15,txt;0,3;99,9;0,0;14816,0;0,619;0,15;61,83809999999999;36743,354474524764;False;False;0,0;0,8;764534
GKD-b_45_n150_b02_m15,txt;0,3;105,1;16,431835919996956;14647,0;0,489;0,2;105,1;13474,740996682445;True;True;0,0;0,8;23456
GKD-b_45_n150_b02_m15,txt;0,3;105,1;16,431835919996956;14647,0;0,465;0,2;54,2004;45516,03894104764;True;False;0,0;0,8;23456
GKD-b_45_n150_b02_m15,txt;0,3;95,6;0;15028,0;0,667;0,2;63,7652;34140,79260006358;False;False;0,0;0,8;23456
GKD-b_45_n150_b02_m15,txt;0,3;104,4;4,323730461997911;14452,0;0,386;0,2;104,4;14395,571167173766;True;True;0,0;0,8;764534
GKD-b_45_n150_b02_m15,txt;0,3;104,4;4,323730461997911;14452,0;0,343;0,2;39,84179999999999;52483,598857912395;True;False;0,0;0,8;764534
GKD-b_45_n150_b02_m15,txt;0,3;99,9;0,0;14816,0;0,524;0,2;52,34759999999999;42222,097387628244;False;False;0,0;0,8;764534
GKD-b_46_n150_b02_m45,txt;0,3;123,3;15,026115027008927;14473,0;0,642;0,1;123,3;14393,285141280801;True;True;0,0;0,8;23456
GKD-b_46_n150_b02_m45,txt;0,3;123,3;15,026115027008927;14473,0;0,634;0,1;86,1933;35401,86389349165;True;False;0,0;0,8;23456
GKD-b_46_n150_b02_m45,txt;0,3;114,8;47,467036419999204;14830,0;0,912;0,1;109,18169999999998;19798,85707269526;False;False;0,0;0,8;23456
GKD-b_46_n150_b02_m45,txt;0,3;123,8;35,49861357899499;14308,0;0,444;0,1;123,8;14521,497697939665;True;True;0,0;0,8;764534
GKD-b_46_n150_b02_m45,txt;0,3;123,8;35,49861357899499;14308,0;0,418;0,1;59,37559999999999;47645,22366980062;True;False;0,0;0,8;764534
GKD-b_46_n150_b02_m45,txt;0,3;116,8;0;14859,0;0,921;0,1;111,21579999999996;19321,856630929313;False;False;0,0;0,8;764534
GKD-b_46_n150_b02_m45,txt;0,3;123,3;15,165423031998216;14473,0;0,532;0,15;123,3;14290,455925300037;True;True;0,0;0,8;23456
GKD-b_46_n150_b02_m45,txt;0,3;123,3;15,165423031998216;14473,0;0,529;0,15;71,86119999999998;41417,48660039759;True;False;0,0;0,8;23456
GKD-b_46_n150_b02_m45,txt;0,3;114,8;47,760971063005854;14830,0;0,779;0,15;89,42919999999998;27362,74698415252;False;False;0,0;0,8;23456
GKD-b_46_n150_b02_m45,txt;0,3;123,8;35,44757360199583;14308,0;0,393;0,15;123,8;14601,0673934273;True;True;0,0;0,8;764534
GKD-b_46_n150_b02_m45,txt;0,3;123,8;35,44757360199583;14308,0;0,383;0,15;52,962799999999994;49669,909896196994;True;False;0,0;0,8;764534
GKD-b_46_n150_b02_m45,txt;0,3;116,8;0;14859,0;0,778;0,15;92,09809999999997;27461,943350183374;False;False;0,0;0,8;764534
GKD-b_46_n150_b02_m45,txt;0,3;123,3;14,988555623000138;14473,0;0,458;0,2;123,3;14145,748298896948;True;True;0,0;0,8;23456
GKD-b_46_n150_b02_m45,txt;0,3;123,3;14,988555623000138;14473,0;0,451;0,2;61,27449999999998;45883,23083302092;True;False;0,0;0,8;23456
GKD-b_46_n150_b02_m45,txt;0,3;111,9;0,0;15184,0;0,801;0,2;89,63190000000003;26373,256145038427;False;False;0,0;0,8;23456
GKD-b_46_n150_b02_m45,txt;0,3;123,8;35,28163672600931;14308,0;0,344;0,2;123,8;14663,568196342341;True;True;0,0;0,8;764534
GKD-b_46_n150_b02_m45,txt;0,3;123,8;35,28163672600931;14308,0;0,333;0,2;45,860699999999994;52542,24247323962;True;False;0,0;0,8;764534
GKD-b_46_n150_b02_m45,txt;0,3;116,8;0;14859,0;0,653;0,2;76,27039999999998;34581,63361212105;False;False;0,0;0,8;764534
GKD-b_47_n150_b02_m45,txt;0,3;162,8;6,454905769001925;15239,0;0,443;0,1;162,8;16002,4328513787;True;True;0,0;0,8;23456
GKD-b_47_n150_b02_m45,txt;0,3;162,8;6,454905769001925;15239,0;0,455;0,1;85,65629999999999;48464,5723686033;True;False;0,0;0,8;23456
GKD-b_47_n150_b02_m45,txt;0,3;147,6;0,0;15709,0;0,877;0,1;129,44519999999997;23150,970671867373;False;False;0,0;0,8;23456
GKD-b_47_n150_b02_m45,txt;0,3;162,8;21,024192666009185;15367,0;0,614;0,1;162,8;14891,392316826494;True;True;0,0;0,8;764534
GKD-b_47_n150_b02_m45,txt;0,3;162,8;21,024192666009185;15367,0;0,567;0,1;103,94459999999998;41718,14082735252;True;False;0,0;0,8;764534
GKD-b_47_n150_b02_m45,txt;0,3;142,3;0;15642,0;0,824;0,1;121,11409999999998;26317,421098269184;False;False;0,0;0,8;764534
GKD-b_47_n150_b02_m45,txt;0,3;162,8;6,31583281699568;15239,0;0,392;0,15;162,8;16337,779259768542;True;True;0,0;0,8;23456
GKD-b_47_n150_b02_m45,txt;0,3;162,8;6,31583281699568;15239,0;0,404;0,15;74,8334;51591,81994606033;True;False;0,0;0,8;23456
GKD-b_47_n150_b02_m45,txt;0,3;147,6;0,0;15709,0;0,728;0,15;107,45279999999998;32195,314337528267;False;False;0,0;0,8;23456
GKD-b_47_n150_b02_m45,txt;0,3;162,8;21,202084887001547;15367,0;0,507;0,15;162,8;14580,72459586064;True;True;0,0;0,8;764534
GKD-b_47_n150_b02_m45,txt;0,3;162,8;21,202084887001547;15367,0;0,479;0,15;87,43279999999999;47087,077929555635;True;False;0,0;0,8;764534
GKD-b_47_n150_b02_m45,txt;0,3;142,3;0;15642,0;0,684;0,15;98,13629999999999;34827,73839569119;False;False;0,0;0,8;764534
GKD-b_47_n150_b02_m45,txt;0,3;162,8;6,316018865996739;15239,0;0,352;0,2;162,8;16644,812619862765;True;True;0,0;0,8;23456
GKD-b_47_n150_b02_m45,txt;0,3;162,8;6,316018865996739;15239,0;0,352;0,2;64,6958;54769,400870296544;True;False;0,0;0,8;23456
GKD-b_47_n150_b02_m45,txt;0,3;147,6;0,0;15709,0;0,626;0,2;92,39759999999998;38383,92020704371;False;False;0,0;0,8;23456
GKD-b_47_n150_b02_m45,txt;0,3;162,8;21,040396065000095;15367,0;0,438;0,2;162,8;14219,076205603158;True;True;0,0;0,8;764534
GKD-b_47_n150_b02_m45,txt;0,3;162,8;21,040396065000095;15367,0;0,405;0,2;73,4296;51596,94444954251;True;False;0,0;0,8;764534
GKD-b_47_n150_b02_m45,txt;0,3;142,3;0;15642,0;0,587;0,2;88,35409999999999;40716,724701517305;False;False;0,0;0,8;764534
GKD-b_48_n150_b02_m45,txt;0,3;98,5;18,449125838000327;15272,0;0,615;0,1;98,5;14786,125307464892;True;True;0,0;0,8;23456
GKD-b_48_n150_b02_m45,txt;0,3;98,5;18,449125838000327;15272,0;0,637;0,1;68,918;37206,21056188415;True;False;0,0;0,8;23456
GKD-b_48_n150_b02_m45,txt;0,3;92,4;0,0;15430,0;0,774;0,1;71,5176;29063,934406685436;False;False;0,0;0,8;23456
GKD-b_48_n150_b02_m45,txt;0,3;99,0;14,71469893300673;15163,0;0,515;0,1;99,0;15310,939383903902;True;True;0,0;0,8;764534
GKD-b_48_n150_b02_m45,txt;0,3;99,0;14,71469893300673;15163,0;0,463;0,1;52,4078;47629,88490686102;True;False;0,0;0,8;764534
GKD-b_48_n150_b02_m45,txt;0,3;97,9;48,45953270599421;15414,0;0,721;0,1;70,5859;32211,040598138818;False;False;0,0;0,8;764534
GKD-b_48_n150_b02_m45,txt;0,3;98,5;18,447132550005335;15272,0;0,503;0,15;98,5;14453,73099341034;True;True;0,0;0,8;23456
GKD-b_48_n150_b02_m45,txt;0,3;98,5;18,447132550005335;15272,0;0,517;0,15;56,488699999999994;44467,39317718755;True;False;0,0;0,8;23456
GKD-b_48_n150_b02_m45,txt;0,3;91,1;0;15404,0;0,588;0,15;54,5383;40275,29619203195;False;False;0,0;0,8;23456
GKD-b_48_n150_b02_m45,txt;0,3;99,0;14,541933309999877;15163,0;0,444;0,15;99,0;15354,613279486206;True;True;0,0;0,8;764534
GKD-b_48_n150_b02_m45,txt;0,3;99,0;14,541933309999877;15163,0;0,403;0,15;44,3314;51273,551083696184;True;False;0,0;0,8;764534
GKD-b_48_n150_b02_m45,txt;0,3;97,9;48,69678357199882;15414,0;0,563;0,15;55,1177;41747,838305795296;False;False;0,0;0,8;764534
GKD-b_48_n150_b02_m45,txt;0,3;98,5;18,468330960007734;15272,0;0,427;0,2;98,5;14059,452211462853;True;True;0,0;0,8;23456
GKD-b_48_n150_b02_m45,txt;0,3;98,5;18,468330960007734;15272,0;0,443;0,2;47,9748;48944,62445423496;True;False;0,0;0,8;23456
GKD-b_48_n150_b02_m45,txt;0,3;91,1;0;15404,0;0,499;0,2;45,6268;45657,67098367642;False;False;0,0;0,8;23456
GKD-b_48_n150_b02_m45,txt;0,3;99,0;14,555457052993006;15163,0;0,39;0,2;99,0;15379,008319918681;True;True;0,0;0,8;764534
GKD-b_48_n150_b02_m45,txt;0,3;99,0;14,555457052993006;15163,0;0,35;0,2;38,1835;54484,72096696036;True;False;0,0;0,8;764534
GKD-b_48_n150_b02_m45,txt;0,3;97,9;48,49571964600182;15414,0;0,471;0,2;46,1109;47300,04628787079;False;False;0,0;0,8;764534
GKD-b_49_n150_b02_m45,txt;0,3;166,3;4,529824835000909;15244,0;0,619;0,1;166,3;15548,935559985597;True;True;0,0;0,8;23456
GKD-b_49_n150_b02_m45,txt;0,3;166,3;4,529824835000909;15244,0;0,647;0,1;119,92779999999999;36505,888160979375;True;False;0,0;0,8;23456
GKD-b_49_n150_b02_m45,txt;0,3;153,7;0,0;15851,0;0,979;0,1;150,4723;17059,366081923774;False;False;0,0;0,8;23456
GKD-b_49_n150_b02_m45,txt;0,3;166,3;6,906508711006609;15168,0;0,561;0,1;166,3;15126,419944630696;True;True;0,0;0,8;764534
GKD-b_49_n150_b02_m45,txt;0,3;166,3;6,906508711006609;15168,0;0,525;0,1;99,16839999999999;43798,055461766766;True;False;0,0;0,8;764534
GKD-b_49_n150_b02_m45,txt;0,3;163,3;0,0;15495,0;0,834;0,1;136,19219999999999;25415,406704689154;False;False;0,0;0,8;764534
GKD-b_49_n150_b02_m45,txt;0,3;166,3;4,526496944992687;15244,0;0,509;0,15;166,3;15646,55549493278;True;True;0,0;0,8;23456
GKD-b_49_n150_b02_m45,txt;0,3;166,3;4,526496944992687;15244,0;0,524;0,15;97,63369999999998;43925,16107084205;True;False;0,0;0,8;23456
GKD-b_49_n150_b02_m45,txt;0,3;153,7;0,0;15851,0;0,876;0,15;134,6412;23205,013145677254;False;False;0,0;0,8;23456
GKD-b_49_n150_b02_m45,txt;0,3;166,3;6,804983212001389;15168,0;0,467;0,15;166,3;15042,047951876697;True;True;0,0;0,8;764534
GKD-b_49_n150_b02_m45,txt;0,3;166,3;6,804983212001389;15168,0;0,451;0,15;84,08559999999999;48274,31421243578;True;False;0,0;0,8;764534
GKD-b_49_n150_b02_m45,txt;0,3;152,7;0;15459,0;0,687;0,15;107,50670000000001;34268,02776554116;False;False;0,0;0,8;764534
GKD-b_49_n150_b02_m45,txt;0,3;166,3;4,53629335599544;15244,0;0,432;0,2;166,3;15707,893289637002;True;True;0,0;0,8;23456
GKD-b_49_n150_b02_m45,txt;0,3;166,3;4,53629335599544;15244,0;0,446;0,2;82,0529;48629,585580290586;True;False;0,0;0,8;23456
GKD-b_11_n50_b02_m5,txt;0,3;147,2;0,48087210799999996;4247,0;0,558;0,1;147,2;4330,695110202815;True;True;0,0;0,8;23456
GKD-b_11_n50_b02_m5,txt;0,3;147,2;0,48087210799999996;4247,0;0,565;0,1;83,3302;11590,183099580918;True;False;0,0;0,8;23456
GKD-b_11_n50_b02_m5,txt;0,3;144,8;21,83038741300001;4534,0;0,941;0,1;136,25679999999997;5505,73608048578;False;False;0,0;0,8;23456
GKD-b_11_n50_b02_m5,txt;0,3;147,2;1,0480282749999787;4247,0;0,551;0,1;147,2;4339,7474547308475;True;True;0,0;0,8;764534
GKD-b_11_n50_b02_m5,txt;0,3;147,2;1,0480282749999787;4247,0;0,558;0,1;82,32970000000002;11706,39799400296;True;False;0,0;0,8;764534
GKD-b_11_n50_b02_m5,txt;0,3;142,9;0,0;4827,0;0,999;0,1;142,75710000000004;4825,08419916016;False;False;0,0;0,8;764534
GKD-b_11_n50_b02_m5,txt;0,3;147,2;0,9960496910000529;4247,0;0,512;0,15;147,2;4354,7810928589515;True;True;0,0;0,8;23456
GKD-b_11_n50_b02_m5,txt;0,3;147,2;0,9960496910000529;4247,0;0,499;0,15;73,64170000000001;12721,310978674543;True;False;0,0;0,8;23456
GKD-b_11_n50_b02_m5,txt;0,3;142,9;0,0;4827,0;0,974;0,15;139,18460000000005;5219,990257409524;False;False;0,0;0,8;23456
GKD-b_11_n50_b02_m5,txt;0,3;147,2;1,0538882790000343;4247,0;0,497;0,15;147,2;4370,800640857105;True;True;0,0;0,8;764534
GKD-b_11_n50_b02_m5,txt;0,3;147,2;1,0538882790000343;4247,0;0,501;0,15;73,91460000000001;12685,689679391191;True;False;0,0;0,8;764534
GKD-b_11_n50_b02_m5,txt;0,3;142,9;0,0;4827,0;0,964;0,15;137,75560000000004;5389,550189578831;False;False;0,0;0,8;764534
GKD-b_11_n50_b02_m5,txt;0,3;147,2;0,9919164020000153;4247,0;0,47;0,2;147,2;4367,685877234286;True;True;0,0;0,8;23456
GKD-b_11_n50_b02_m5,txt;0,3;147,2;0,9919164020000153;4247,0;0,459;0,2;67,75319999999999;13413,03915763249;True;False;0,0;0,8;23456
GKD-b_11_n50_b02_m5,txt;0,3;142,9;0,0;4827,0;0,914;0,2;130,61060000000003;6202,227837334836;False;False;0,0;0,8;23456
GKD-b_11_n50_b02_m5,txt;0,3;147,2;1,0506512590000057;4247,0;0,465;0,2;147,2;4391,886844866235;True;True;0,0;0,8;764534
GKD-b_11_n50_b02_m5,txt;0,3;147,2;1,0506512590000057;4247,0;0,472;0,2;69,66330000000002;13191,470928279916;True;False;0,0;0,8;764534
GKD-b_11_n50_b02_m5,txt;0,3;124,8;0;4423,0;0,648;0,2;80,87039999999998;10341,251135264474;False;False;0,0;0,8;764534
GKD-b_12_n50_b02_m5,txt;0,3;178,1;0,20041971399996328;5318,0;0,828;0,1;178,1;5488,675383773216;True;True;0,0;0,8;23456
GKD-b_12_n50_b02_m5,txt;0,3;178,1;0,20041971399996328;5318,0;0,834;0,1;148,78319999999997;8690,613249157805;True;False;0,0;0,8;23456
GKD-b_12_n50_b02_m5,txt;0,3;173,1;38,25995497599979;5452,0;0,948;0,1;164,09879999999993;6486,317420130774;False;False;0,0;0,8;23456
GKD-b_12_n50_b02_m5,txt;0,3;178,1;0,1946361689999776;5318,0;0,826;0,1;178,1;5137,21285916874;True;True;0,0;0,8;764534
GKD-b_12_n50_b02_m5,txt;0,3;178,1;0,1946361689999776;5318,0;0,863;0,1;153,94729999999993;8103,094324522387;True;False;0,0;0,8;764534
GKD-b_12_n50_b02_m5,txt;0,3;166,3;37,026297973000055;5729,0;0,996;0,1;165,6348;5791,828029041978;False;False;0,0;0,8;764534
GKD-b_12_n50_b02_m5,txt;0,3;178,1;0,20098036899980798;5318,0;0,701;0,15;178,1;5568,057369154203;True;True;0,0;0,8;23456
GKD-b_12_n50_b02_m5,txt;0,3;178,1;0,20098036899980798;5318,0;0,702;0,15;125,27139999999997;11386,89374488315;True;False;0,0;0,8;23456
GKD-b_12_n50_b02_m5,txt;0,3;173,1;37,93913625699997;5452,0;0,835;0,15;144,53849999999994;8776,444880477578;False;False;0,0;0,8;23456
GKD-b_12_n50_b02_m5,txt;0,3;178,1;0,19370685300009427;5318,0;0,701;0,15;178,1;5030,7836959415345;True;True;0,0;0,8;764534
GKD-b_12_n50_b02_m5,txt;0,3;178,1;0,19370685300009427;5318,0;0,729;0,15;130,08189999999996;10837,57133576176;True;False;0,0;0,8;764534
GKD-b_12_n50_b02_m5,txt;0,3;163,0;0;5641,0;0,939;0,15;153,057;6828,249115638158;False;False;0,0;0,8;764534
GKD-b_12_n50_b02_m5,txt;0,3;178,1;0,07462796299978436;5318,0;0,606;0,2;178,1;5643,620190916261;True;True;0,0;0,8;23456
GKD-b_12_n50_b02_m5,txt;0,3;178,1;0,07462796299978436;5318,0;0,626;0,2;111,73519999999998;12945,191384261634;True;False;0,0;0,8;23456
GKD-b_12_n50_b02_m5,txt;0,3;173,1;38,08509920000006;5452,0;0,743;0,2;128,61329999999995;10642,802117171099;False;False;0,0;0,8;23456
GKD-b_12_n50_b02_m5,txt;0,3;178,1;0,0699186759998156;5318,0;0,615;0,2;178,1;4912,587172500149;True;True;0,0;0,8;764534
GKD-b_12_n50_b02_m5,txt;0,3;178,1;0,0699186759998156;5318,0;0,648;0,2;115,65319999999998;12494,890885255401;True;False;0,0;0,8;764534
GKD-b_12_n50_b02_m5,txt;0,3;163,0;0;5641,0;0,863;0,2;140,669;8351,279574710075;False;False;0,0;0,8;764534
GKD-b_13_n50_b02_m5,txt;0,3;96,1;0,2176557650000177;5790,0;0,61;0,1;96,1;5883,005457150438;True;True;0,0;0,8;23456
GKD-b_13_n50_b02_m5,txt;0,3;96,1;0,2176557650000177;5790,0;0,587;0,1;56,52340000000001;15241,935411291806;True;False;0,0;0,8;23456
GKD-b_13_n50_b02_m5,txt;0,3;87,8;0,0;6256,0;0,993;0,1;87,18539999999996;6409,510431963787;False;False;0,0;0,8;23456
GKD-b_13_n50_b02_m5,txt;0,3;96,1;7,208480977000363;5790,0;0,623;0,1;96,1;6117,931390535786;True;True;0,0;0,8;764534
GKD-b_13_n50_b02_m5,txt;0,3;96,1;7,208480977000363;5790,0;0,626;0,1;60,24750000000001;14356,216106556143;True;False;0,0;0,8;764534
GKD-b_13_n50_b02_m5,txt;0,3;92,2;4,682847987000059;6206,0;0,976;0,1;89,98720000000004;6715,200884375324;False;False;0,0;0,8;764534
GKD-b_13_n50_b02_m5,txt;0,3;96,1;0,21954585899993617;5790,0;0,543;0,15;96,1;5920,2122611692175;True;True;0,0;0,8;23456
GKD-b_13_n50_b02_m5,txt;0,3;96,1;0,21954585899993617;5790,0;0,514;0,15;49,4847;16931,24186615678;True;False;0,0;0,8;23456
GKD-b_13_n50_b02_m5,txt;0,3;87,8;0,0;6256,0;0,931;0,15;81,74179999999997;7807,877030458163;False;False;0,0;0,8;23456
GKD-b_13_n50_b02_m5,txt;0,3;96,1;7,2270035250003275;5790,0;0,53;0,15;96,1;6262,976926999949;True;True;0,0;0,8;764534
GKD-b_13_n50_b02_m5,txt;0,3;96,1;7,2270035250003275;5790,0;0,558;0,15;53,71810000000001;15931,26855384894;True;False;0,0;0,8;764534
GKD-b_13_n50_b02_m5,txt;0,3;92,2;4,709390705999795;6206,0;0,891;0,15;82,15020000000004;8628,075519705344;False;False;0,0;0,8;764534
GKD-b_13_n50_b02_m5,txt;0,3;96,1;0,09240674299962848;5790,0;0,496;0,2;96,1;5951,431112090442;True;True;0,0;0,8;23456
GKD-b_13_n50_b02_m5,txt;0,3;96,1;0,09240674299962848;5790,0;0,464;0,2;44,6614;18092,52728929148;True;False;0,0;0,8;23456
GKD-b_13_n50_b02_m5,txt;0,3;87,8;0,0;6256,0;0,85;0,2;74,62999999999997;9642,849267122816;False;False;0,0;0,8;23456
GKD-b_13_n50_b02_m5,txt;0,3;96,1;7,233120511000379;5790,0;0,46;0,2;96,1;6396,451517354491;True;True;0,0;0,8;764534
GKD-b_13_n50_b02_m5,txt;0,3;96,1;7,233120511000379;5790,0;0,509;0,2;49,005900000000004;17068,903143466538;True;False;0,0;0,8;764534
GKD-b_13_n50_b02_m5,txt;0,3;92,2;4,643774949000544;6206,0;0,792;0,2;73,02240000000002;10866,590654970478;False;False;0,0;0,8;764534
GKD-b_14_n50_b02_m5,txt;0,3;84,6;0,4924044690005758;4731,0;0,656;0,1;84,6;4937,134115599687;True;True;0,0;0,8;23456
GKD-b_14_n50_b02_m5,txt;0,3;84,6;0,4924044690005758;4731,0;0,673;0,1;57,02660000000001;10795,352357135165;True;False;0,0;0,8;23456
GKD-b_14_n50_b02_m5,txt;0,3;81,2;4,54127460700056;5010,0;0,977;0,1;79,3324;5425,428841697635;False;False;0,0;0,8;23456
GKD-b_14_n50_b02_m5,txt;0,3;84,6;0,8996924430002764;4779,0;0,758;0,1;84,6;5039,031270551147;True;True;0,0;0,8;764534
GKD-b_14_n50_b02_m5,txt;0,3;84,6;0,8996924430002764;4779,0;0,77;0,1;65,2319;9037,43874615934;True;False;0,0;0,8;764534
GKD-b_14_n50_b02_m5,txt;0,3;81,2;4,695012508000218;5272,0;0,999;0,1;81,11880000000002;5265,53435333165;False;False;0,0;0,8;764534
GKD-b_14_n50_b02_m5,txt;0,3;84,6;0,4904692549998799;4731,0;0,571;0,15;84,6;5032,600638614848;True;True;0,0;0,8;23456
GKD-b_14_n50_b02_m5,txt;0,3;84,6;0,4904692549998799;4731,0;0,568;0,15;48,14040000000001;12756,766447020935;True;False;0,0;0,8;23456
GKD-b_14_n50_b02_m5,txt;0,3;81,2;4,602503023000281;5010,0;0,884;0,15;71,7808;7129,35433093632;False;False;0,0;0,8;23456
GKD-b_14_n50_b02_m5,txt;0,3;84,6;0,7764666780003608;4779,0;0,653;0,15;84,6;5152,151784260766;True;True;0,0;0,8;764534
GKD-b_14_n50_b02_m5,txt;0,3;84,6;0,7764666780003608;4779,0;0,66;0,15;55,938100000000006;11085,121174804926;True;False;0,0;0,8;764534
GKD-b_14_n50_b02_m5,txt;0,3;81,2;4,723867277999489;5272,0;0,976;0,15;79,25120000000003;5661,669733588596;False;False;0,0;0,8;764534
GKD-b_14_n50_b02_m5,txt;0,3;84,6;0,49839172900010453;4731,0;0,515;0,2;84,6;5123,249373716336;True;True;0,0;0,8;23456
GKD-b_14_n50_b02_m5,txt;0,3;84,6;0,49839172900010453;4731,0;0,511;0,2;43,318200000000004;13828,976108665705;True;False;0,0;0,8;23456
GKD-b_14_n50_b02_m5,txt;0,3;81,2;4,986647370000355;5010,0;0,796;0,2;64,63520000000001;8748,542329190066;False;False;0,0;0,8;23456
GKD-b_14_n50_b02_m5,txt;0,3;84,6;0,7759731989999636;4779,0;0,573;0,2;84,6;5254,95676609199;True;True;0,0;0,8;764534
GKD-b_14_n50_b02_m5,txt;0,3;84,6;0,7759731989999636;4779,0;0,585;0,2;49,57590000000001;12485,54881526809;True;False;0,0;0,8;764534
GKD-b_14_n50_b02_m5,txt;0,3;81,2;4,957798556999478;5272,0;0,904;0,2;73,40480000000001;6966,939429087393;False;False;0,0;0,8;764534
GKD-b_15_n50_b02_m5,txt;0,3;154,9;0,2128357560004588;5000,0;0,718;0,1;154,9;5012,846826016296;True;True;0,0;0,8;23456
GKD-b_15_n50_b02_m5,txt;0,3;154,9;0,2128357560004588;5000,0;0,706;0,1;109,65120000000003;10730,147058695551;True;False;0,0;0,8;23456
GKD-b_15_n50_b02_m5,txt;0,3;147,7;13,75827242000014;5346,0;0,99;0,1;146,223;5545,000875397598;False;False;0,0;0,8;23456
GKD-b_15_n50_b02_m5,txt;0,3;154,9;0,02867501600030664;5000,0;0,728;0,1;154,9;5210,237751777417;True;True;0,0;0,8;764534
GKD-b_15_n50_b02_m5,txt;0,3;154,9;0,02867501600030664;5000,0;0,728;0,1;112,97200000000002;10304,572954979054;True;False;0,0;0,8;764534
GKD-b_15_n50_b02_m5,txt;0,3;153,1;42,46729071200025;5243,0;0,954;0,1;146,05739999999997;6117,019983664199;False;False;0,0;0,8;764534
GKD-b_15_n50_b02_m5,txt;0,3;154,9;0,20875724399957107;5000,0;0,625;0,15;154,9;5012,6157607652085;True;True;0,0;0,8;23456
GKD-b_15_n50_b02_m5,txt;0,3;154,9;0,20875724399957107;5000,0;0,592;0,15;91,8961;12965,74168473524;True;False;0,0;0,8;23456
GKD-b_15_n50_b02_m5,txt;0,3;147,7;13,81653710899991;5346,0;0,93;0,15;137,36100000000002;6704,5296768868775;False;False;0,0;0,8;23456
GKD-b_15_n50_b02_m5,txt;0,3;154,9;0,02890530500008026;5000,0;0,615;0,15;154,9;5302,436796205061;True;True;0,0;0,8;764534
GKD-b_15_n50_b02_m5,txt;0,3;154,9;0,02890530500008026;5000,0;0,625;0,15;97,00780000000002;12325,608644609896;True;False;0,0;0,8;764534
GKD-b_15_n50_b02_m5,txt;0,3;153,1;38,197438148999936;5243,0;0,838;0,15;128,29779999999997;8344,433207135464;False;False;0,0;0,8;764534
GKD-b_15_n50_b02_m5,txt;0,3;154,9;0,2090555550003046;5000,0;0,539;0,2;154,9;5008,0338072527875;True;True;0,0;0,8;23456
GKD-b_15_n50_b02_m5,txt;0,3;154,9;0,2090555550003046;5000,0;0,525;0,2;81,51780000000001;14286,373999404781;True;False;0,0;0,8;23456
GKD-b_15_n50_b02_m5,txt;0,3;147,2;0,0;5350,0;0,8;0,2;117,76000000000002;9191,741941867705;False;False;0,0;0,8;23456
GKD-b_15_n50_b02_m5,txt;0,3;154,9;0,02891403600006015;5000,0;0,536;0,2;154,9;5386,677856130154;True;True;0,0;0,8;764534
GKD-b_15_n50_b02_m5,txt;0,3;154,9;0,02891403600006015;5000,0;0,553;0,2;85,86210000000001;13742,291056908147;True;False;0,0;0,8;764534
GKD-b_15_n50_b02_m5,txt;0,3;153,1;9,419505440999274;5051,0;0,601;0,2;92,0131;12830,384627455649;False;False;0,0;0,8;764534
GKD-b_16_n50_b02_m15,txt;0,3;77,7;0,08032291299969074;4932,0;0,508;0,1;77,7;5002,227090576093;True;True;0,0;0,8;23456
GKD-b_16_n50_b02_m15,txt;0,3;77,7;0,08032291299969074;4932,0;0,483;0,1;37,587;15135,141250710905;True;False;0,0;0,8;23456
GKD-b_16_n50_b02_m15,txt;0,3;77,7;50,75601775799987;5299,0;0,964;0,1;74,90280000000001;5996,884602375822;False;False;0,0;0,8;23456
GKD-b_16_n50_b02_m15,txt;0,3;77,7;0,28039648000049056;5263,0;0,932;0,1;77,7;5519,7376899071;True;True;0,0;0,8;764534
GKD-b_16_n50_b02_m15,txt;0,3;77,7;0,28039648000049056;5263,0;0,937;0,1;72,8812;6480,417426202123;True;False;0,0;0,8;764534
GKD-b_16_n50_b02_m15,txt;0,3;77,6;22,668438867000077;5369,0;0,974;0,1;75,58239999999999;5837,652203299474;False;False;0,0;0,8;764534
GKD-b_16_n50_b02_m15,txt;0,3;77,7;0,20267617700119445;4932,0;0,47;0,15;77,7;5027,854252760437;True;True;0,0;0,8;23456
GKD-b_16_n50_b02_m15,txt;0,3;77,7;0,20267617700119445;4932,0;0,443;0,15;34,478100000000005;15946,352693219837;True;False;0,0;0,8;23456
GKD-b_16_n50_b02_m15,txt;0,3;55,8;0;5508,0;0,947;0,15;52,84259999999998;6502,222598738033;False;False;0,0;0,8;23456
GKD-b_16_n50_b02_m15,txt;0,3;77,7;0,28019761399991694;5263,0;0,817;0,15;77,7;5632,815701820269;True;True;0,0;0,8;764534
GKD-b_16_n50_b02_m15,txt;0,3;77,7;0,28019761399991694;5263,0;0,824;0,15;64,07430000000001;8693,938762518193;True;False;0,0;0,8;764534
GKD-b_16_n50_b02_m15,txt;0,3;77,6;23,047336678000647;5369,0;0,878;0,15;68,1328;7700,00423242406;False;False;0,0;0,8;764534
GKD-b_16_n50_b02_m15,txt;0,3;77,7;0,20419781599957787;4932,0;0,446;0,2;77,7;5047,378300554827;True;True;0,0;0,8;23456
GKD-b_16_n50_b02_m15,txt;0,3;77,7;0,20419781599957787;4932,0;0,424;0,2;32,9998;16341,37832694831;True;False;0,0;0,8;23456
GKD-b_16_n50_b02_m15,txt;0,3;55,8;0;5508,0;0,885;0,2;49,38299999999999;7696,216796063287;False;False;0,0;0,8;23456
GKD-b_16_n50_b02_m15,txt;0,3;77,7;0,27983633000076225;5263,0;0,729;0,2;77,7;5736,516283150802;True;True;0,0;0,8;764534
GKD-b_16_n50_b02_m15,txt;0,3;77,7;0,27983633000076225;5263,0;0,733;0,2;57,00720000000001;10480,512276504556;True;False;0,0;0,8;764534
